{
  "timestamp": "2025-11-25T12:39:33.839322",
  "batch_info": {
    "total_steps": 3,
    "computation_start": 2,
    "computation_end": 4
  },
  "time_series": {
    "displacements_m": [
      0.1,
      0.05,
      0.0
    ],
    "velocities_ms": [
      0.5,
      0.2,
      -0.1
    ],
    "accelerations_ms2": [
      0.2,
      0.1,
      0.0
    ],
    "control_forces_N": [
      -27089.947089947287,
      -19902.21968302334,
      4.020111110961076e-10
    ],
    "control_forces_kN": [
      -27.089947089947287,
      -19.90221968302334,
      4.020111110961076e-13
    ]
  },
  "statistics": {
    "max_force_kN": 27.089947089947287,
    "mean_force_kN": 15.664055590990342,
    "std_force_kN": 11.458267306106725,
    "max_displacement_m": 0.1,
    "max_velocity_ms": 0.5
  }
}